author_id,author_fullname,openreview_url,gscholar_url,homepage_url,affiliation
0,Martin Vechev,https://openreview.net/profile?id=~Martin_Vechev1,https://scholar.google.ch/citations?user=aZ1Rh50AAAAJ&hl=en&oi=ao,https://www.sri.inf.ethz.ch/people/martin,Swiss Federal Institute of Technology
1,Marc Fischer,https://openreview.net/profile?id=~Marc_Fischer1,,,Swiss Federal Institute of Technology
2,Xiao Luo,https://openreview.net/profile?id=~Xiao_Luo3,https://scholar.google.com.hk/citations?&user=yJgX8agAAAAJ,http://luoxiao12.github.io,"University of California, Los Angeles"
3,Jiawei Han,,,,
4,Han Fang,,,,
5,Marjan Ghazvininejad,,,,
6,Zhenghan Chen,,,,
7,Mengzhu Wang,https://openreview.net/profile?id=~Mengzhu_Wang1,,https://scholar.google.com/citations?user=sgQmLjgAAAAJ&hl=zh-CN,National University of Defense Technology
8,Luke Zettlemoyer,https://openreview.net/profile?id=~Luke_Zettlemoyer1,https://scholar.google.com.tw/citations?user=UjpbO6IAAAAJ,https://www.cs.washington.edu/people/faculty/lsz/,University of Washington
9,Jitin Krishnan,,https://scholar.google.com/citations?user=DQJbUaUAAAAJ&hl=en,https://jitinkrishnan.github.io/,Meta
10,Li Shen,https://openreview.net/profile?id=~Li_Shen1,https://scholar.google.com/citations?user=yVhgENIAAAAJ&hl=zh-TW,https://sites.google.com/site/mathshenli/home,Sun Yat-Sen University
11,Nan Yin,https://openreview.net/profile?id=~Nan_Yin4,https://scholar.google.com.hk/citations?hl=zh-CN&pli=1&user=cmKHXIYAAAAJ,,Mohamed bin Zayed University of Artificial Intelligence
12,Weijia Shi,https://openreview.net/profile?id=~Weijia_Shi1,https://scholar.google.com/citations?hl=en&user=zt73PHcAAAAJ,https://weijiashi.notion.site/,"University of Washington, Seattle"
13,Maria Lomeli,https://openreview.net/profile?id=~Maria_Lomeli2,https://scholar.google.com/citations?user=8SK2fPAAAAAJ&hl=en&oi=ao,https://mlomeli1.github.io,Meta
14,Margaret Li,https://openreview.net/profile?id=~Margaret_Li1,,https://margs.li,Meta
15,Bin Gu,https://openreview.net/profile?id=~Bin_Gu1,https://scholar.google.com/citations?user=Vo8OgCgAAAAJ&hl=en,https://mbzuai.ac.ae/study/faculty/bin-gu/,Mohamed bin Zayed University of Artificial Intelligence
16,Jasper Dekoninck,https://openreview.net/profile?id=~Jasper_Dekoninck1,,,"Department of Computer Science, ETHZ - ETH Zurich"
17,Xi Victoria Lin,https://openreview.net/profile?id=~Xi_Victoria_Lin1,https://scholar.google.com/citations?user=gYUOJwMAAAAJ&hl=en,http://victorialin.net,Meta
18,Wen-tau Yih,https://openreview.net/profile?id=~Wen-tau_Yih1,https://scholar.google.com/citations?user=8rDNIMsAAAAJ,http://scottyih.org,"Meta Platforms, Inc."
19,Noah A. Smith,https://openreview.net/profile?id=~Noah_A._Smith2,https://scholar.google.com/citations?hl=en&user=TjdFs3EAAAAJ,https://homes.cs.washington.edu/~nasmith/,University of Washington
20,Mike Lewis,https://openreview.net/profile?id=~Mike_Lewis1,https://scholar.google.com/citations?user=SnQnQicAAAAJ&hl=en,,Facebook AI Research
21,Sinong Wang,,,,
22,Yu Meng,,,https://yumeng5.github.io/,University of Virginia
23,Yuning Mao,,,,
24,Chunting Zhou,https://openreview.net/profile?id=~Chunting_Zhou1,https://scholar.google.com/citations?user=mR5W7EgAAAAJ&hl=en,https://violet-zct.github.io/,Meta AI
25,Luca Beurer-Kellner,https://openreview.net/profile?id=~Luca_Beurer-Kellner1,https://scholar.google.com/citations?hl=de&user=L-XVbBAAAAAJ&view_op=list_works&gmla=AJsN-F5L3WMrglxRfHniejUsOOt5XA3kXzi0hPhm7lQQsR9zx8e0TwJUOjlbMlZrlQbpB2v1j1bUdY8tV2HgfHSGhrisnykHDIWERcf_oS4pBQYZgt9k28axKRx1K0wpuGPqRYvHpnI2UHc-YlIsUAt1gWuzaZpu-b35vGZMfvQ7L0y-NDAoUcq30oHQoQdoTwwv-xMpvB2ONqo972nwL9mNIytcb2gPxA,,ETHZ - ETH Zurich
26,Huan Xiong,https://openreview.net/profile?id=~Huan_Xiong1,https://scholar.google.com/citations?user=l4hm14MAAAAJ&hl=en,https://scholar.google.com/citations?user=l4hm14MAAAAJ&hl=en,Harbin Institute of Technology
27,Sewon Min,https://openreview.net/profile?id=~Sewon_Min1,https://scholar.google.ca/citations?user=jU4IZs4AAAAJ&hl=en,https://www.sewonmin.com,"University of California, Berkeley"
28,Qifan Wang,,,https://wqfcr.github.io/,Meta AI
